Number of Rows | Number of Columns | Grid spacing rows | Grid spacing columns | Coordinates of the first point in the matrix (x,y)
110 60 0.5 0.5 0 55
1.33071,1.33213,1.34036,1.35799,1.38469,1.41799,1.45463,1.49132,1.52522,1.55456,1.57846,1.59727,1.61206,1.62411,1.63454,1.64341,1.65149,1.66036,1.67197,1.68779,1.70841,1.73344,1.76141,1.78987,1.81602,1.83709,1.85114,1.85829,1.86153,1.86638,1.87583,1.89008,1.90723,1.92471,1.93975,1.95019,1.95469,1.95303,1.94612,1.93564,1.92369,1.91218,1.90208,1.89376,1.88847,1.88773,1.89278,1.90409,1.92089,1.94152,1.96302,1.98212,1.99530,2.00000,1.99544,1.98379,1.96929,1.95072,1.92785,1.90253,1.87774,1.85658,1.84169,1.83473,1.83625,1.84556,1.86069,1.87916,1.89812,1.91531,1.92956,1.93936,1.94249,1.93686,1.92099,1.89459,1.85859,1.81524,1.76773,1.71977,1.67510,1.63636,1.60408,1.57572,1.55123,1.53349,1.52262,1.51679,1.51326,1.50935,1.50264,1.49171,1.47623,1.45693,1.43524,1.41310,1.39223,1.37337,1.35672,1.34325,1.33438,1.33115,1.33384,1.34168,1.35275,1.36426,1.37283,1.37513,1.36872,1.35304
1.14991,1.15143,1.16045,1.18009,1.21016,1.24822,1.29093,1.33463,1.37616,1.41324,1.44464,1.47031,1.49108,1.50837,1.52360,1.53712,1.54912,1.56083,1.57395,1.58992,1.60956,1.63273,1.65835,1.68455,1.70895,1.72913,1.74338,1.75161,1.75641,1.76322,1.77556,1.79379,1.81602,1.83944,1.86084,1.87764,1.88793,1.89106,1.88749,1.87872,1.86692,1.85443,1.84301,1.83380,1.82861,1.82910,1.83664,1.85139,1.87235,1.89733,1.92320,1.94607,1.96238,1.96929,1.96610,1.95528,1.94152,1.92408,1.90292,1.87999,1.85815,1.84042,1.82920,1.82606,1.83131,1.84414,1.86256,1.88391,1.90546,1.92511,1.94156,1.95322,1.95778,1.95317,1.93804,1.91208,1.87637,1.83312,1.78561,1.73755,1.69269,1.65355,1.62078,1.59178,1.56617,1.54618,1.53163,1.52086,1.51140,1.50102,1.48799,1.47148,1.45169,1.42970,1.40717,1.38596,1.36730,1.35104,1.33649,1.32424,1.31538,1.31092,1.31116,1.31567,1.32287,1.33041,1.33526,1.33453,1.32601,1.30911
0.95075,0.95217,0.96084,0.97990,1.00963,1.04813,1.09251,1.13948,1.18587,1.22927,1.26821,1.30210,1.33134,1.35706,1.38057,1.40256,1.42328,1.44342,1.46394,1.48564,1.50886,1.53349,1.55857,1.58277,1.60452,1.62225,1.63489,1.64263,1.64762,1.65497,1.66883,1.68980,1.71620,1.74505,1.77297,1.79682,1.81406,1.82342,1.82474,1.81916,1.80863,1.79589,1.78355,1.77341,1.76738,1.76738,1.77463,1.78938,1.81064,1.83611,1.86256,1.88612,1.90306,1.91061,1.90791,1.89753,1.88455,1.86927,1.85237,1.83581,1.82210,1.81352,1.81186,1.81779,1.83101,1.85016,1.87309,1.89724,1.92021,1.94044,1.95714,1.96797,1.97061,1.96326,1.94509,1.91639,1.87857,1.83424,1.78663,1.73946,1.69602,1.65859,1.62739,1.59977,1.57469,1.55318,1.53462,1.51738,1.49950,1.47961,1.45693,1.43166,1.40496,1.37856,1.35461,1.33468,1.31930,1.30700,1.29667,1.28873,1.28383,1.28256,1.28486,1.28991,1.29613,1.30137,1.30303,1.29867,1.28657,1.26659
0.75316,0.75424,0.76085,0.77594,0.80023,0.83300,0.87253,0.91656,0.96290,1.00934,1.05435,1.09682,1.13644,1.17343,1.20864,1.24318,1.27761,1.31205,1.34628,1.37979,1.41182,1.44155,1.46815,1.49088,1.50915,1.52286,1.53217,1.53795,1.54182,1.54834,1.56200,1.58399,1.61289,1.64586,1.67941,1.71003,1.73461,1.75107,1.75857,1.75744,1.74946,1.73746,1.72497,1.71404,1.70630,1.70371,1.70767,1.71860,1.73579,1.75724,1.78007,1.80064,1.81539,1.82161,1.81842,1.80804,1.79555,1.78296,1.77194,1.76440,1.76209,1.76631,1.77752,1.79525,1.81833,1.84468,1.87186,1.89763,1.92021,1.93912,1.95376,1.96111,1.95871,1.94543,1.92143,1.88788,1.84703,1.80182,1.75548,1.71130,1.67192,1.63885,1.61177,1.58796,1.56548,1.54407,1.52242,1.49901,1.47246,1.44239,1.40923,1.37435,1.34011,1.30911,1.28388,1.26595,1.25493,1.24783,1.24372,1.24313,1.24641,1.25302,1.26199,1.27168,1.28001,1.28476,1.28364,1.27482,1.25758,1.23235
0.58471,0.58525,0.58863,0.59700,0.61175,0.63354,0.66240,0.69776,0.73866,0.78382,0.83178,0.88105,0.93052,0.97931,1.02731,1.07571,1.12586,1.17734,1.22834,1.27668,1.32013,1.35701,1.38630,1.40800,1.42275,1.43205,1.43759,1.44111,1.44371,1.44905,1.46188,1.48368,1.51366,1.54922,1.58693,1.62313,1.65428,1.67765,1.69156,1.69567,1.69117,1.68103,1.66922,1.65786,1.64821,1.64214,1.64121,1.64615,1.65678,1.67167,1.68833,1.70366,1.71448,1.71816,1.71365,1.70278,1.69043,1.68005,1.67412,1.67442,1.68201,1.69700,1.71874,1.74573,1.77591,1.80677,1.83596,1.86138,1.88210,1.89851,1.91017,1.91301,1.90483,1.88528,1.85565,1.81823,1.77596,1.73207,1.68960,1.65110,1.61823,1.59159,1.57023,1.55157,1.53325,1.51380,1.49142,1.46458,1.43244,1.39536,1.35481,1.31327,1.27384,1.24004,1.21477,1.19934,1.19277,1.19091,1.19336,1.20125,1.21423,1.23069,1.24832,1.26439,1.27614,1.28099,1.27702,1.26326,1.23980,1.20820
0.45824,0.45814,0.45799,0.45892,0.46279,0.47161,0.48714,0.51060,0.54259,0.58265,0.62987,0.68253,0.73876,0.79666,0.85504,0.91509,0.97882,1.04514,1.11097,1.17250,1.22623,1.26958,1.30156,1.32263,1.33472,1.34075,1.34388,1.34648,1.34908,1.35446,1.36725,1.38934,1.42030,1.45791,1.49906,1.53991,1.57675,1.60638,1.62646,1.63596,1.63567,1.62818,1.61799,1.60692,1.59600,1.58703,1.58179,1.58135,1.58590,1.59453,1.60530,1.61559,1.62245,1.62338,1.61735,1.60574,1.59296,1.58336,1.57973,1.58355,1.59536,1.61461,1.63998,1.66947,1.70072,1.73133,1.75911,1.78242,1.80079,1.81495,1.82411,1.82366,1.81161,1.78854,1.75656,1.71879,1.67863,1.63930,1.60329,1.57243,1.54740,1.52776,1.51219,1.49847,1.48456,1.46835,1.44773,1.42118,1.38811,1.34932,1.30671,1.26326,1.22265,1.18866,1.16441,1.15129,1.14796,1.14977,1.15707,1.17152,1.19219,1.21648,1.24087,1.26169,1.27541,1.27942,1.27208,1.25312,1.22353,1.18582
0.36561,0.36502,0.36209,0.35704,0.35204,0.34989,0.35376,0.36610,0.38863,0.42189,0.46529,0.51721,0.57535,0.63722,0.70090,0.76722,0.83863,0.91348,0.98778,1.05680,1.11617,1.16304,1.19635,1.21712,1.22809,1.23323,1.23656,1.24083,1.24592,1.25381,1.26904,1.29368,1.32748,1.36862,1.41408,1.46002,1.50268,1.53844,1.56460,1.57968,1.58399,1.57998,1.57209,1.56225,1.55142,1.54158,1.53447,1.53153,1.53315,1.53864,1.54638,1.55387,1.55843,1.55759,1.55029,1.53776,1.52419,1.51366,1.50871,1.51062,1.51973,1.53536,1.55622,1.58066,1.60667,1.63239,1.65610,1.67647,1.69318,1.70650,1.71512,1.71419,1.70209,1.67990,1.65027,1.61657,1.58223,1.55010,1.52213,1.49935,1.48152,1.46771,1.45645,1.44616,1.43553,1.42255,1.40506,1.38150,1.35133,1.31518,1.27497,1.23363,1.19478,1.16231,1.13924,1.12709,1.12449,1.12709,1.13586,1.15256,1.17592,1.20262,1.22858,1.24950,1.26169,1.26257,1.25087,1.22682,1.19209,1.14967
0.28788,0.28705,0.28273,0.27460,0.26471,0.25633,0.25300,0.25790,0.27318,0.29998,0.33794,0.38565,0.44090,0.50100,0.56379,0.63012,0.70202,0.77755,0.85250,0.92171,0.98088,1.02712,1.05979,1.08021,1.09163,1.09843,1.10485,1.11357,1.12381,1.13698,1.15765,1.18797,1.22785,1.27546,1.32767,1.38067,1.43039,1.47315,1.50587,1.52688,1.53624,1.53614,1.53109,1.52331,1.51420,1.50582,1.50014,1.49852,1.50136,1.50793,1.51645,1.52438,1.52894,1.52781,1.51988,1.50650,1.49181,1.47907,1.47011,1.46600,1.46712,1.47334,1.48412,1.49847,1.51537,1.53364,1.55221,1.57003,1.58639,1.60089,1.61118,1.61280,1.60442,1.58728,1.56396,1.53771,1.51150,1.48770,1.46766,1.45174,1.43935,1.42926,1.42015,1.41128,1.40217,1.39130,1.37660,1.35662,1.33046,1.29853,1.26228,1.22437,1.18802,1.15682,1.13380,1.12048,1.11592,1.11631,1.12273,1.13679,1.15687,1.17965,1.20086,1.21643,1.22290,1.21795,1.20071,1.17191,1.13341,1.08830
0.22004,0.21911,0.21421,0.20476,0.19261,0.18095,0.17346,0.17331,0.18306,0.20382,0.23566,0.27735,0.32677,0.38163,0.43987,0.50217,0.57011,0.64163,0.71236,0.77745,0.83280,0.87606,0.90677,0.92665,0.93929,0.94899,0.95996,0.97446,0.99107,1.01085,1.03863,1.07644,1.12425,1.18004,1.24058,1.30181,1.35956,1.40981,1.44944,1.47653,1.49103,1.49504,1.49303,1.48774,1.48118,1.47565,1.47315,1.47501,1.48143,1.49132,1.50273,1.51292,1.51895,1.51831,1.51018,1.49607,1.48035,1.46502,1.45120,1.43974,1.43127,1.42637,1.42534,1.42828,1.43514,1.44562,1.45909,1.47481,1.49161,1.50812,1.52110,1.52659,1.52345,1.51292,1.49739,1.47961,1.46203,1.44645,1.43372,1.42368,1.41545,1.40785,1.39977,1.39130,1.38282,1.37327,1.36088,1.34403,1.32170,1.29382,1.26135,1.22652,1.19214,1.16147,1.13738,1.12160,1.11352,1.11009,1.11205,1.12067,1.13424,1.14947,1.16260,1.16980,1.16819,1.15599,1.13277,1.09946,1.05807,1.01144
0.15680,0.15587,0.15078,0.14059,0.12707,0.11316,0.10228,0.09778,0.10194,0.11629,0.14093,0.17502,0.21680,0.26427,0.31575,0.37178,0.43365,0.49928,0.56477,0.62581,0.67866,0.72137,0.75360,0.77711,0.79514,0.81169,0.83040,0.85308,0.87806,0.90633,0.94248,0.98832,1.04353,1.10593,1.17210,1.23818,1.30009,1.35407,1.39723,1.42794,1.44616,1.45380,1.45473,1.45189,1.44773,1.44479,1.44498,1.44949,1.45821,1.47001,1.48260,1.49328,1.49896,1.49744,1.48784,1.47212,1.45453,1.43651,1.41868,1.40173,1.38660,1.37416,1.36524,1.36064,1.36073,1.36583,1.37558,1.38934,1.40575,1.42284,1.43700,1.44454,1.44459,1.43842,1.42838,1.41692,1.40619,1.39737,1.39086,1.38611,1.38185,1.37675,1.36994,1.36206,1.35456,1.34726,1.33869,1.32699,1.31067,1.28898,1.26233,1.23206,1.20051,1.17059,1.14516,1.12606,1.11337,1.10480,1.10079,1.10191,1.10666,1.11225,1.11558,1.11367,1.10426,1.08609,1.05895,1.02379,0.98230,0.93689
0.08362,0.08279,0.07799,0.06839,0.05516,0.04081,0.02837,0.02073,0.02004,0.02778,0.04434,0.06922,0.10116,0.13878,0.18075,0.22768,0.28063,0.33808,0.39711,0.45442,0.50707,0.55346,0.59323,0.62732,0.65808,0.68816,0.72019,0.75536,0.79235,0.83246,0.87958,0.93474,0.99694,1.06361,1.13145,1.19684,1.25660,1.30788,1.34898,1.37905,1.39845,1.40869,1.41207,1.41138,1.40923,1.40815,1.40981,1.41510,1.42372,1.43431,1.44469,1.45223,1.45434,1.44895,1.43563,1.41638,1.39541,1.37455,1.35466,1.33659,1.32116,1.30911,1.30098,1.29725,1.29804,1.30333,1.31273,1.32547,1.34036,1.35584,1.36862,1.37504,1.37455,1.36872,1.35995,1.35089,1.34349,1.33879,1.33668,1.33610,1.33536,1.33277,1.32738,1.32032,1.31435,1.31038,1.30729,1.30279,1.29466,1.28114,1.26164,1.23666,1.20801,1.17818,1.15006,1.12606,1.10701,1.09148,1.07904,1.06978,1.06263,1.05606,1.04823,1.03740,1.02217,1.00169,0.97559,0.94419,0.90833,0.86935
0.00393,0.00319,-0.00072,-0.00881,-0.02022,-0.03325,-0.04554,-0.05485,-0.05941,-0.05784,-0.04961,-0.03472,-0.01375,0.01250,0.04336,0.07926,0.12095,0.16787,0.21842,0.27083,0.32339,0.37487,0.42478,0.47313,0.52064,0.56830,0.61714,0.66749,0.71877,0.77295,0.83285,0.89854,0.96790,1.03779,1.10500,1.16647,1.21996,1.26434,1.29931,1.32547,1.34388,1.35549,1.36078,1.36166,1.36108,1.36127,1.36353,1.36828,1.37494,1.38214,1.38787,1.38983,1.38596,1.37474,1.35608,1.33208,1.30685,1.28354,1.26409,1.24954,1.24048,1.23691,1.23838,1.24416,1.25332,1.26483,1.27766,1.29093,1.30387,1.31616,1.32566,1.32870,1.32493,1.31621,1.30558,1.29583,1.28917,1.28648,1.28726,1.29005,1.29250,1.29240,1.28858,1.28256,1.27825,1.27776,1.27991,1.28202,1.28089,1.27394,1.25949,1.23745,1.20909,1.17695,1.14418,1.11377,1.08722,1.06366,1.04162,1.02060,1.00052,0.98137,0.96315,0.94551,0.92798,0.90985,0.89016,0.86807,0.84299,0.81483
-0.06822,-0.06871,-0.07160,-0.07768,-0.08669,-0.09751,-0.10868,-0.11867,-0.12607,-0.12974,-0.12896,-0.12338,-0.11289,-0.09766,-0.07777,-0.05304,-0.02335,0.01152,0.05149,0.09646,0.14612,0.20000,0.25751,0.31790,0.38041,0.44423,0.50879,0.57359,0.63849,0.70609,0.77858,0.85470,0.93141,1.00483,1.07159,1.12915,1.17622,1.21310,1.24117,1.26243,1.27879,1.29074,1.29701,1.29892,1.29951,1.30078,1.30352,1.30769,1.31244,1.31631,1.31743,1.31391,1.30411,1.28721,1.26350,1.23500,1.20590,1.18121,1.16412,1.15618,1.15751,1.16711,1.18312,1.20335,1.22535,1.24670,1.26561,1.28094,1.29250,1.30161,1.30774,1.30710,1.29956,1.28746,1.27428,1.26326,1.25679,1.25567,1.25914,1.26517,1.27080,1.27330,1.27129,1.26644,1.26365,1.26551,1.27085,1.27644,1.27839,1.27340,1.25929,1.23573,1.20394,1.16676,1.12773,1.09035,1.05670,1.02579,0.99498,0.96344,0.93214,0.90280,0.87704,0.85597,0.83976,0.82751,0.81757,0.80758,0.79528,0.77936
-0.11632,-0.11667,-0.11867,-0.12308,-0.12999,-0.13885,-0.14890,-0.15913,-0.16854,-0.17618,-0.18118,-0.18284,-0.18069,-0.17427,-0.16325,-0.14792,-0.12901,-0.10609,-0.07792,-0.04319,-0.00087,0.04958,0.10787,0.17301,0.24335,0.31688,0.39172,0.46642,0.54102,0.61851,0.70055,0.78524,0.86861,0.94625,1.01428,1.07037,1.11391,1.14605,1.16926,1.18670,1.20095,1.21246,1.21878,1.22113,1.22270,1.22530,1.22931,1.23441,1.23921,1.24215,1.24136,1.23514,1.22221,1.20213,1.17553,1.14443,1.11333,1.08864,1.07478,1.07360,1.08487,1.10676,1.13635,1.17005,1.20409,1.23505,1.26037,1.27864,1.29030,1.29799,1.30240,1.30005,1.29084,1.27766,1.26424,1.25410,1.24964,1.25155,1.25880,1.26879,1.27805,1.28344,1.28334,1.27977,1.27810,1.28094,1.28682,1.29211,1.29265,1.28481,1.26659,1.23764,1.19968,1.15599,1.11073,1.06762,1.02888,0.99302,0.95624,0.91764,0.87909,0.84363,0.81419,0.79274,0.77981,0.77432,0.77373,0.77456,0.77319,0.76722
-0.12965,-0.12994,-0.13146,-0.13508,-0.14096,-0.14899,-0.15869,-0.16937,-0.18020,-0.19043,-0.19905,-0.20527,-0.20826,-0.20743,-0.20209,-0.19318,-0.18250,-0.16981,-0.15335,-0.13077,-0.09991,-0.05926,-0.00837,0.05218,0.12070,0.19481,0.27206,0.35018,0.42860,0.51035,0.59730,0.68703,0.77525,0.85700,0.92803,0.98578,1.02966,1.06101,1.08276,1.09853,1.11132,1.12180,1.12733,1.12959,1.13204,1.13649,1.14325,1.15148,1.15952,1.16544,1.16711,1.16270,1.15104,1.13169,1.10544,1.07468,1.04402,1.02065,1.00953,1.01252,1.02932,1.05773,1.09442,1.13522,1.17588,1.21251,1.24220,1.26355,1.27707,1.28599,1.29172,1.29093,1.28398,1.27379,1.26429,1.25895,1.25993,1.26762,1.28060,1.29583,1.30940,1.31797,1.31993,1.31773,1.31689,1.31964,1.32419,1.32674,1.32321,1.31018,1.28584,1.25057,1.20649,1.15741,1.10784,1.06175,1.02104,0.98347,0.94448,0.90324,0.86210,0.82467,0.79455,0.77412,0.76403,0.76305,0.76805,0.77491,0.77936,0.77843
-0.11069,-0.11093,-0.11245,-0.11608,-0.12205,-0.13033,-0.14052,-0.15203,-0.16413,-0.17598,-0.18661,-0.19518,-0.20091,-0.20292,-0.20067,-0.19558,-0.19063,-0.18622,-0.18049,-0.17060,-0.15360,-0.12700,-0.08933,-0.04040,0.01882,0.08632,0.15945,0.23552,0.31286,0.39412,0.48155,0.57295,0.66377,0.74880,0.82345,0.88468,0.93150,0.96496,0.98778,1.00356,1.01541,1.02447,1.02863,1.03035,1.03368,1.04054,1.05112,1.06439,1.07835,1.09050,1.09834,1.09966,1.09290,1.07762,1.05460,1.02648,0.99832,0.97711,0.96746,0.97133,0.98837,1.01668,1.05313,1.09383,1.13478,1.17235,1.20380,1.22765,1.24445,1.25689,1.26644,1.27021,1.26884,1.26537,1.26346,1.26639,1.27585,1.29182,1.31224,1.33379,1.35231,1.36431,1.36847,1.36764,1.36754,1.36989,1.37264,1.37210,1.36436,1.34638,1.31689,1.27673,1.22853,1.17651,1.12537,1.07909,1.03907,1.00243,0.96427,0.92372,0.88316,0.84632,0.81689,0.79729,0.78818,0.78828,0.79440,0.80224,0.80748,0.80704
-0.07224,-0.07248,-0.07410,-0.07787,-0.08419,-0.09296,-0.10388,-0.11637,-0.12965,-0.14287,-0.15521,-0.16570,-0.17353,-0.17794,-0.17824,-0.17642,-0.17686,-0.18059,-0.18588,-0.18950,-0.18774,-0.17721,-0.15536,-0.12083,-0.07381,-0.01566,0.05100,0.12295,0.19736,0.27627,0.36233,0.45363,0.54562,0.63296,0.71069,0.77540,0.82560,0.86195,0.88673,0.90339,0.91505,0.92308,0.92626,0.92778,0.93224,0.94174,0.95658,0.97544,0.99596,1.01536,1.03059,1.03902,1.03873,1.02903,1.01076,0.98685,0.96266,0.94463,0.93704,0.94159,0.95825,0.98519,1.01977,1.05861,1.09834,1.13566,1.16814,1.19444,1.21491,1.23171,1.24582,1.25483,1.25954,1.26297,1.26855,1.27913,1.29603,1.31885,1.34530,1.37171,1.39389,1.40839,1.41408,1.41427,1.41437,1.41559,1.41579,1.41148,1.39909,1.37616,1.34202,1.29794,1.24705,1.19370,1.14271,1.09785,1.06008,1.02594,0.99033,0.95247,0.91465,0.88041,0.85318,0.83520,0.82698,0.82722,0.83285,0.83961,0.84343,0.84143
-0.02135,-0.02159,-0.02326,-0.02713,-0.03369,-0.04285,-0.05431,-0.06754,-0.08179,-0.09629,-0.11005,-0.12230,-0.13210,-0.13871,-0.14150,-0.14292,-0.14865,-0.16055,-0.17721,-0.19514,-0.21007,-0.21757,-0.21399,-0.19685,-0.16511,-0.11951,-0.06230,0.00290,0.07187,0.14558,0.22690,0.31433,0.40372,0.49003,0.56840,0.63526,0.68880,0.72911,0.75781,0.77785,0.79195,0.80175,0.80670,0.81027,0.81728,0.83001,0.84887,0.87277,0.89952,0.92616,0.94948,0.96667,0.97544,0.97480,0.96540,0.95007,0.93430,0.92386,0.92239,0.93131,0.95036,0.97809,1.01223,1.04999,1.08869,1.12582,1.15952,1.18876,1.21369,1.23588,1.25542,1.26987,1.27977,1.28765,1.29662,1.30920,1.32669,1.34878,1.37352,1.39776,1.41775,1.43048,1.43499,1.43411,1.43205,1.42921,1.42358,1.41236,1.39301,1.36411,1.32576,1.27982,1.22951,1.17901,1.13262,1.09339,1.06165,1.03363,1.00503,0.97539,0.94639,0.92068,0.90060,0.88747,0.88144,0.88090,0.88321,0.88487,0.88257,0.87439
0.01534,0.01505,0.01338,0.00946,0.00285,-0.00646,-0.01816,-0.03183,-0.04667,-0.06195,-0.07679,-0.09036,-0.10182,-0.11040,-0.11544,-0.11965,-0.12930,-0.14689,-0.17143,-0.19959,-0.22692,-0.24867,-0.26038,-0.25871,-0.24177,-0.20944,-0.16349,-0.10765,-0.04706,0.01808,0.09043,0.16905,0.25055,0.33079,0.40558,0.47161,0.52691,0.57109,0.60509,0.63080,0.65035,0.66519,0.67523,0.68356,0.69423,0.70966,0.73077,0.75703,0.78705,0.81840,0.84838,0.87424,0.89364,0.90515,0.90897,0.90740,0.90530,0.90760,0.91710,0.93454,0.95952,0.99058,1.02584,1.06341,1.10142,1.13840,1.17328,1.20575,1.23588,1.26429,1.28995,1.30999,1.32419,1.33438,1.34300,1.35241,1.36397,1.37802,1.39350,1.40849,1.42039,1.42696,1.42725,1.42299,1.41623,1.40634,1.39189,1.37131,1.34369,1.30906,1.26850,1.22427,1.17935,1.13718,1.10079,1.07203,1.05043,1.03231,1.01521,0.99915,0.98475,0.97280,0.96378,0.95751,0.95320,0.94923,0.94375,0.93469,0.92043,0.90055
0.01191,0.01162,0.01000,0.00618,-0.00028,-0.00949,-0.02115,-0.03482,-0.04981,-0.06538,-0.08081,-0.09526,-0.10790,-0.11799,-0.12499,-0.13121,-0.14243,-0.16109,-0.18671,-0.21659,-0.24681,-0.27307,-0.29109,-0.29746,-0.28992,-0.26787,-0.23256,-0.18715,-0.13680,-0.08248,-0.02223,0.04360,0.11277,0.18227,0.24899,0.31036,0.36463,0.41107,0.44986,0.48190,0.50844,0.53039,0.54788,0.56262,0.57722,0.59392,0.61434,0.63903,0.66783,0.69967,0.73278,0.76501,0.79426,0.81884,0.83824,0.85357,0.86846,0.88673,0.91015,0.93880,0.97182,1.00782,1.04534,1.08320,1.12057,1.15721,1.19307,1.22843,1.26350,1.29799,1.32948,1.35471,1.37278,1.38454,1.39169,1.39620,1.39967,1.40301,1.40643,1.40937,1.41065,1.40898,1.40359,1.39463,1.38189,1.36387,1.33987,1.30994,1.27497,1.23652,1.19664,1.15770,1.12214,1.09216,1.06919,1.05362,1.04402,1.03750,1.03368,1.03295,1.03461,1.03730,1.03922,1.03843,1.03324,1.02227,1.00473,0.98049,0.95012,0.91500
-0.03731,-0.03756,-0.03908,-0.04270,-0.04887,-0.05769,-0.06891,-0.08213,-0.09683,-0.11226,-0.12774,-0.14253,-0.15590,-0.16717,-0.17579,-0.18323,-0.19371,-0.20905,-0.22908,-0.25200,-0.27507,-0.29521,-0.30926,-0.31455,-0.30921,-0.29251,-0.26518,-0.22957,-0.18960,-0.14654,-0.09903,-0.04726,0.00770,0.06403,0.12002,0.17385,0.22425,0.27039,0.31198,0.34911,0.38217,0.41146,0.43693,0.45829,0.47651,0.49341,0.51109,0.53152,0.55591,0.58476,0.61767,0.65343,0.69036,0.72666,0.76100,0.79318,0.82511,0.85940,0.89682,0.93674,0.97794,1.01889,1.05866,1.09677,1.13331,1.16912,1.20526,1.24259,1.28138,1.32032,1.35613,1.38552,1.40707,1.42084,1.42789,1.42955,1.42750,1.42304,1.41721,1.41050,1.40301,1.39434,1.38371,1.37043,1.35226,1.32723,1.29549,1.25861,1.21888,1.17926,1.14237,1.11058,1.08555,1.06816,1.05827,1.05479,1.05592,1.05940,1.06679,1.07860,1.09280,1.10608,1.11460,1.11509,1.10529,1.08423,1.05244,1.01169,0.96466,0.91431
-0.11441,-0.11466,-0.11603,-0.11941,-0.12509,-0.13327,-0.14375,-0.15619,-0.17015,-0.18500,-0.20013,-0.21483,-0.22849,-0.24049,-0.25034,-0.25857,-0.26729,-0.27738,-0.28879,-0.30064,-0.31152,-0.31984,-0.32391,-0.32229,-0.31401,-0.29854,-0.27635,-0.24862,-0.21767,-0.18426,-0.14782,-0.10819,-0.06587,-0.02159,0.02386,0.06947,0.11448,0.15817,0.20005,0.23983,0.27725,0.31222,0.34435,0.37159,0.39319,0.41048,0.42606,0.44276,0.46309,0.48880,0.52079,0.55865,0.60122,0.64672,0.69316,0.73920,0.78519,0.83256,0.88130,0.93013,0.97755,1.02212,1.06317,1.10088,1.13615,1.17063,1.20605,1.24381,1.28417,1.32517,1.36279,1.39443,1.41873,1.43543,1.44493,1.44812,1.44616,1.44038,1.43195,1.42181,1.41065,1.39855,1.38508,1.36906,1.34761,1.31846,1.28241,1.24195,1.20046,1.16147,1.12802,1.10230,1.08531,1.07688,1.07590,1.08031,1.08790,1.09721,1.11068,1.12871,1.14830,1.16481,1.17338,1.17005,1.15241,1.12018,1.07497,1.02006,0.95962,0.89756
-0.19053,-0.19073,-0.19200,-0.19499,-0.20013,-0.20748,-0.21703,-0.22844,-0.24133,-0.25524,-0.26959,-0.28384,-0.29746,-0.30990,-0.32063,-0.32959,-0.33699,-0.34301,-0.34752,-0.35016,-0.35060,-0.34840,-0.34316,-0.33459,-0.32249,-0.30691,-0.28796,-0.26611,-0.24201,-0.21581,-0.18720,-0.15605,-0.12249,-0.08674,-0.04917,-0.01028,0.02950,0.06976,0.10997,0.14975,0.18884,0.22694,0.26344,0.29513,0.32021,0.33965,0.35606,0.37267,0.39270,0.41856,0.45177,0.49253,0.53994,0.59230,0.64731,0.70305,0.75874,0.81502,0.87111,0.92543,0.97622,1.02237,1.06341,1.09990,1.13336,1.16588,1.19973,1.23652,1.27634,1.31665,1.35353,1.38537,1.41148,1.43161,1.44586,1.45463,1.45840,1.45796,1.45400,1.44714,1.43798,1.42666,1.41314,1.39664,1.37435,1.34423,1.30715,1.26605,1.22466,1.18665,1.15511,1.13209,1.11832,1.11323,1.11514,1.12175,1.13071,1.14085,1.15457,1.17191,1.18935,1.20193,1.20463,1.19351,1.16667,1.12430,1.06885,1.00439,0.93562,0.86690
-0.25357,-0.25372,-0.25480,-0.25739,-0.26185,-0.26836,-0.27679,-0.28703,-0.29868,-0.31142,-0.32484,-0.33841,-0.35168,-0.36427,-0.37563,-0.38523,-0.39209,-0.39562,-0.39552,-0.39190,-0.38504,-0.37539,-0.36354,-0.34997,-0.33522,-0.31970,-0.30348,-0.28639,-0.26787,-0.24735,-0.22452,-0.19935,-0.17182,-0.14209,-0.11025,-0.07660,-0.04133,-0.00479,0.03278,0.07113,0.11002,0.14931,0.18830,0.22322,0.25158,0.27406,0.29317,0.31222,0.33456,0.36297,0.39912,0.44359,0.49561,0.55351,0.61493,0.67763,0.74033,0.80273,0.86366,0.92122,0.97373,1.02011,1.06033,1.09525,1.12680,1.15736,1.18939,1.22466,1.26306,1.30171,1.33668,1.36784,1.39527,1.41902,1.43901,1.45512,1.46722,1.47516,1.47893,1.47849,1.47393,1.46541,1.45311,1.43710,1.41520,1.38542,1.34878,1.30818,1.26728,1.22980,1.19880,1.17617,1.16260,1.15741,1.15893,1.16471,1.17245,1.18087,1.19189,1.20502,1.21663,1.22187,1.21604,1.19571,1.15956,1.10833,1.04500,0.97397,0.90025,0.82796
-0.31730,-0.31744,-0.31837,-0.32053,-0.32435,-0.32998,-0.33733,-0.34629,-0.35668,-0.36824,-0.38058,-0.39337,-0.40620,-0.41869,-0.43054,-0.44063,-0.44690,-0.44813,-0.44396,-0.43480,-0.42153,-0.40532,-0.38763,-0.36976,-0.35276,-0.33748,-0.32386,-0.31127,-0.29795,-0.28247,-0.26425,-0.24309,-0.21894,-0.19200,-0.16242,-0.13058,-0.09688,-0.06166,-0.02522,0.01221,0.05061,0.09004,0.13030,0.16748,0.19858,0.22386,0.24551,0.26662,0.29047,0.31996,0.35704,0.40255,0.45608,0.51618,0.58074,0.64716,0.71358,0.77887,0.84147,0.89966,0.95208,0.99802,1.03784,1.07277,1.10475,1.13625,1.16946,1.20580,1.24484,1.28339,1.31817,1.35030,1.38072,1.40942,1.43602,1.45963,1.47942,1.49446,1.50415,1.50802,1.50597,1.49828,1.48559,1.46864,1.44582,1.41520,1.37802,1.33727,1.29671,1.25998,1.23000,1.20855,1.19610,1.19175,1.19356,1.19904,1.20575,1.21261,1.22055,1.22819,1.23191,1.22716,1.21002,1.17808,1.13081,1.06993,0.99900,0.92274,0.84608,0.77285
-0.36961,-0.36976,-0.37049,-0.37235,-0.37554,-0.38034,-0.38666,-0.39449,-0.40375,-0.41413,-0.42550,-0.43745,-0.44984,-0.46223,-0.47443,-0.48501,-0.49128,-0.49162,-0.48570,-0.47394,-0.45773,-0.43863,-0.41859,-0.39939,-0.38244,-0.36873,-0.35825,-0.34992,-0.34130,-0.33003,-0.31485,-0.29530,-0.27125,-0.24319,-0.21164,-0.17750,-0.14155,-0.10462,-0.06734,-0.03002,0.00755,0.04596,0.08602,0.12457,0.15861,0.18776,0.21347,0.23806,0.26422,0.29449,0.33079,0.37428,0.42513,0.48253,0.54469,0.60930,0.67381,0.73641,0.79563,0.85049,0.90045,0.94571,0.98715,1.02599,1.06385,1.10235,1.14262,1.18503,1.22853,1.27007,1.30759,1.34354,1.37905,1.41383,1.44655,1.47570,1.49970,1.51713,1.52727,1.52987,1.52531,1.51434,1.49818,1.47780,1.45150,1.41785,1.37832,1.33629,1.29564,1.26008,1.23235,1.21389,1.20463,1.20311,1.20693,1.21325,1.21976,1.22554,1.23020,1.23103,1.22447,1.20688,1.17573,1.13003,1.07081,1.00076,0.92421,0.84603,0.77084,0.70153
-0.38151,-0.38161,-0.38220,-0.38377,-0.38651,-0.39057,-0.39611,-0.40302,-0.41124,-0.42075,-0.43123,-0.44259,-0.45454,-0.46689,-0.47938,-0.49064,-0.49804,-0.50000,-0.49608,-0.48682,-0.47345,-0.45758,-0.44107,-0.42560,-0.41257,-0.40287,-0.39640,-0.39214,-0.38754,-0.37975,-0.36701,-0.34845,-0.32411,-0.29457,-0.26087,-0.22443,-0.18647,-0.14836,-0.11103,-0.07479,-0.03942,-0.00352,0.03469,0.07373,0.11115,0.14612,0.17884,0.21029,0.24193,0.27534,0.31198,0.35307,0.39926,0.45050,0.50600,0.56394,0.62174,0.67704,0.72901,0.77785,0.82453,0.87023,0.91622,0.96359,1.01291,1.06434,1.11724,1.17034,1.22172,1.26889,1.31170,1.35329,1.39453,1.43431,1.47050,1.50072,1.52301,1.53609,1.53967,1.53442,1.52179,1.50347,1.48113,1.45517,1.42353,1.38503,1.34178,1.29750,1.25655,1.22260,1.19816,1.18415,1.17979,1.18288,1.19028,1.19870,1.20585,1.21144,1.21340,1.20791,1.19150,1.16177,1.11793,1.06072,0.99263,0.91749,0.83996,0.76482,0.69595,0.63521
-0.33488,-0.33493,-0.33547,-0.33679,-0.33919,-0.34277,-0.34771,-0.35398,-0.36153,-0.37039,-0.38034,-0.39126,-0.40302,-0.41536,-0.42814,-0.44034,-0.44994,-0.45572,-0.45743,-0.45528,-0.45014,-0.44313,-0.43549,-0.42839,-0.42276,-0.41913,-0.41747,-0.41688,-0.41551,-0.41085,-0.40091,-0.38489,-0.36280,-0.33537,-0.30383,-0.26964,-0.23432,-0.19930,-0.16550,-0.13327,-0.10217,-0.07057,-0.03585,0.00241,0.04307,0.08490,0.12687,0.16826,0.20887,0.24879,0.28861,0.32922,0.37154,0.41621,0.46353,0.51266,0.56149,0.60768,0.65128,0.69394,0.73802,0.78573,0.83873,0.89751,0.96143,1.02873,1.09687,1.16265,1.22339,1.27742,1.32650,1.37396,1.41995,1.46237,1.49832,1.52482,1.54001,1.54309,1.53487,1.51728,1.49318,1.46536,1.43568,1.40359,1.36598,1.32214,1.27472,1.22804,1.18675,1.15457,1.13380,1.12484,1.12616,1.13473,1.14663,1.15800,1.16676,1.17313,1.17401,1.16456,1.14183,1.10466,1.05362,0.99107,0.92048,0.84637,0.77344,0.70594,0.64692,0.59715
-0.23491,-0.23501,-0.23545,-0.23667,-0.23888,-0.24221,-0.24681,-0.25269,-0.25994,-0.26846,-0.27816,-0.28894,-0.30069,-0.31318,-0.32631,-0.33949,-0.35163,-0.36216,-0.37069,-0.37735,-0.38234,-0.38607,-0.38906,-0.39175,-0.39444,-0.39728,-0.40022,-0.40267,-0.40375,-0.40189,-0.39577,-0.38474,-0.36897,-0.34899,-0.32582,-0.30054,-0.27439,-0.24823,-0.22276,-0.19812,-0.17373,-0.14801,-0.11843,-0.08257,-0.04030,0.00721,0.05781,0.10929,0.15974,0.20784,0.25305,0.29557,0.33627,0.37634,0.41680,0.45809,0.49889,0.53720,0.57398,0.61214,0.65510,0.70579,0.76604,0.83574,0.91309,0.99484,1.07649,1.15359,1.22270,1.28300,1.33771,1.38998,1.43906,1.48206,1.51542,1.53604,1.54221,1.53403,1.51331,1.48339,1.44827,1.41172,1.37572,1.33845,1.29588,1.24763,1.19684,1.14830,1.10686,1.07639,1.05900,1.05464,1.06121,1.07492,1.09133,1.10617,1.11729,1.12557,1.12738,1.11764,1.09378,1.05558,1.00463,0.94394,0.87753,0.80993,0.74552,0.68792,0.63937,0.59989
-0.10667,-0.10672,-0.10721,-0.10839,-0.11049,-0.11373,-0.11828,-0.12411,-0.13131,-0.13979,-0.14953,-0.16046,-0.17241,-0.18524,-0.19876,-0.21277,-0.22692,-0.24084,-0.25435,-0.26733,-0.27958,-0.29104,-0.30162,-0.31127,-0.31989,-0.32734,-0.33351,-0.33811,-0.34095,-0.34164,-0.34002,-0.33596,-0.32974,-0.32156,-0.31181,-0.30084,-0.28898,-0.27640,-0.26317,-0.24892,-0.23310,-0.21448,-0.19122,-0.15987,-0.11902,-0.06969,-0.01449,0.04331,0.10072,0.15523,0.20539,0.25075,0.29185,0.33000,0.36674,0.40328,0.43923,0.47303,0.50609,0.54200,0.58491,0.63805,0.70315,0.77985,0.86567,0.95629,1.04637,1.13066,1.20526,1.26992,1.32865,1.38415,1.43514,1.47824,1.50959,1.52615,1.52634,1.51086,1.48226,1.44464,1.40276,1.36098,1.32111,1.28075,1.23529,1.18455,1.13194,1.08252,1.04137,1.01237,0.99748,0.99650,1.00698,1.02477,1.04500,1.06327,1.07742,1.08859,1.09324,1.08653,1.06635,1.03270,0.98754,0.93390,0.87571,0.81708,0.76193,0.71319,0.67268,0.64021
0.02450,0.02445,0.02396,0.02279,0.02063,0.01735,0.01275,0.00682,-0.00053,-0.00920,-0.01919,-0.03041,-0.04270,-0.05598,-0.06999,-0.08458,-0.09962,-0.11485,-0.13004,-0.14503,-0.15953,-0.17344,-0.18642,-0.19842,-0.20914,-0.21840,-0.22614,-0.23212,-0.23628,-0.23932,-0.24235,-0.24603,-0.25058,-0.25587,-0.26155,-0.26699,-0.27160,-0.27458,-0.27512,-0.27248,-0.26606,-0.25524,-0.23907,-0.21390,-0.17745,-0.13058,-0.07591,-0.01699,0.04262,0.09984,0.15259,0.19995,0.24218,0.28033,0.31614,0.35106,0.38535,0.41763,0.44957,0.48493,0.52794,0.58197,0.64863,0.72759,0.81615,0.90980,1.00297,1.09016,1.16745,1.23460,1.29569,1.35329,1.40599,1.45022,1.48206,1.49842,1.49793,1.48118,1.45096,1.41158,1.36803,1.32463,1.28344,1.24195,1.19547,1.14394,1.09094,1.04162,1.00106,0.97319,0.96006,0.96124,0.97431,0.99503,1.01840,1.03995,1.05744,1.07198,1.08065,1.07899,1.06498,1.03868,1.00169,0.95683,0.90745,0.85725,0.80959,0.76712,0.73136,0.70227
0.16351,0.16346,0.16297,0.16170,0.15940,0.15582,0.15078,0.14416,0.13603,0.12643,0.11546,0.10322,0.08994,0.07574,0.06075,0.04512,0.02891,0.01235,-0.00425,-0.02071,-0.03673,-0.05206,-0.06646,-0.07968,-0.09159,-0.10207,-0.11093,-0.11809,-0.12347,-0.12886,-0.13665,-0.14826,-0.16388,-0.18299,-0.20439,-0.22658,-0.24774,-0.26626,-0.28051,-0.28933,-0.29217,-0.28894,-0.27983,-0.26107,-0.22986,-0.18681,-0.13445,-0.07650,-0.01679,0.04125,0.09523,0.14382,0.18688,0.22543,0.26099,0.29537,0.32917,0.36130,0.39373,0.43002,0.47435,0.52995,0.59828,0.67880,0.76878,0.86366,0.95795,1.04622,1.12454,1.19273,1.25488,1.31356,1.36735,1.41280,1.44606,1.46399,1.46516,1.45018,1.42157,1.38351,1.34085,1.29789,1.25665,1.21496,1.16833,1.11670,1.06361,1.01419,0.97353,0.94556,0.93248,0.93395,0.94772,0.96956,0.99469,1.01854,1.03887,1.05660,1.06929,1.07296,1.06581,1.04774,1.01987,0.98445,0.94429,0.90236,0.86161,0.82438,0.79205,0.76482
0.32089,0.32084,0.32045,0.31923,0.31673,0.31242,0.30605,0.29743,0.28656,0.27367,0.25913,0.24326,0.22650,0.20916,0.19124,0.17248,0.15279,0.13241,0.11169,0.09126,0.07162,0.05320,0.03631,0.02122,0.00790,-0.00366,-0.01356,-0.02179,-0.02850,-0.03624,-0.04902,-0.06866,-0.09536,-0.12783,-0.16408,-0.20160,-0.23760,-0.26959,-0.29545,-0.31382,-0.32415,-0.32719,-0.32396,-0.31098,-0.28541,-0.24759,-0.20003,-0.14630,-0.09012,-0.03487,0.01710,0.06442,0.10694,0.14554,0.18173,0.21700,0.25202,0.28690,0.32373,0.36586,0.41660,0.47832,0.55165,0.63546,0.72676,0.82120,0.91348,0.99885,1.07404,1.13919,1.19836,1.25430,1.30617,1.35104,1.38557,1.40683,1.41324,1.40496,1.38390,1.35324,1.31694,1.27874,1.24058,1.20115,1.15667,1.10661,1.05415,1.00395,0.96099,0.92925,0.91122,0.90726,0.91568,0.93317,0.95541,0.97833,0.99925,1.01840,1.03393,1.04289,1.04357,1.03544,1.01884,0.99503,0.96574,0.93307,0.89922,0.86611,0.83525,0.80714
0.47293,0.47298,0.47303,0.47254,0.47058,0.46632,0.45907,0.44834,0.43409,0.41670,0.39677,0.37512,0.35268,0.32995,0.30693,0.28293,0.25751,0.23101,0.20431,0.17840,0.15421,0.13236,0.11321,0.09685,0.08299,0.07113,0.06075,0.05164,0.04370,0.03371,0.01661,-0.00974,-0.04515,-0.08782,-0.13489,-0.18299,-0.22879,-0.26929,-0.30231,-0.32646,-0.34169,-0.34909,-0.35021,-0.34238,-0.32313,-0.29281,-0.25382,-0.20919,-0.16212,-0.11525,-0.07043,-0.02840,0.01098,0.04870,0.08588,0.12344,0.16150,0.20177,0.24673,0.29900,0.36037,0.43154,0.51173,0.59891,0.68983,0.78034,0.86616,0.94355,1.01051,1.06777,1.11925,1.16789,1.21374,1.25513,1.28951,1.31469,1.32899,1.33183,1.32375,1.30641,1.28217,1.25337,1.22192,1.18773,1.14840,1.10279,1.05327,1.00375,0.95869,0.92205,0.89663,0.88355,0.88233,0.89095,0.90628,0.92489,0.94394,0.96236,0.97921,0.99278,1.00150,1.00414,0.99993,0.98871,0.97089,0.94732,0.91945,0.88874,0.85685,0.82492
0.58980,0.59005,0.59098,0.59220,0.59245,0.59015,0.58402,0.57315,0.55713,0.53632,0.51153,0.48415,0.45540,0.42640,0.39721,0.36689,0.33495,0.30208,0.26971,0.23914,0.21176,0.18835,0.16905,0.15352,0.14093,0.13011,0.12011,0.11037,0.10130,0.08955,0.06952,0.03915,-0.00102,-0.04853,-0.10011,-0.15198,-0.20077,-0.24348,-0.27831,-0.30427,-0.32170,-0.33180,-0.33625,-0.33307,-0.32082,-0.30010,-0.27302,-0.24182,-0.20880,-0.17540,-0.14243,-0.10961,-0.07616,-0.04094,-0.00317,0.03694,0.07853,0.12482,0.17875,0.24174,0.31384,0.39373,0.47920,0.56717,0.65426,0.73690,0.81213,0.87772,0.93307,0.97941,1.02031,1.05861,1.09540,1.13037,1.16250,1.19023,1.21207,1.22672,1.23333,1.23162,1.22187,1.20502,1.18244,1.15565,1.12376,1.08560,1.04245,0.99734,0.95379,0.91539,0.88502,0.86445,0.85426,0.85387,0.86141,0.87439,0.89006,0.90633,0.92323,0.94027,0.95599,0.96839,0.97554,0.97573,0.96800,0.95212,0.92871,0.89898,0.86474,0.82786
0.65774,0.65818,0.66044,0.66431,0.66827,0.67009,0.66778,0.65965,0.64491,0.62355,0.59651,0.56526,0.53166,0.49718,0.46235,0.42635,0.38908,0.35155,0.31575,0.28337,0.25589,0.23395,0.21739,0.20520,0.19579,0.18737,0.17840,0.16831,0.15822,0.14519,0.12374,0.09210,0.05125,0.00383,-0.04662,-0.09653,-0.14272,-0.18289,-0.21561,-0.24069,-0.25862,-0.27067,-0.27782,-0.27909,-0.27400,-0.26361,-0.24960,-0.23354,-0.21649,-0.19871,-0.17971,-0.15820,-0.13263,-0.10153,-0.06450,-0.02301,0.02093,0.07138,0.13148,0.20157,0.28004,0.36400,0.45001,0.53436,0.61381,0.68566,0.74821,0.80082,0.84397,0.87939,0.90971,0.93743,0.96447,0.99180,1.01967,1.04749,1.07404,1.09760,1.11617,1.12782,1.13120,1.12572,1.11215,1.09324,1.06978,1.04078,1.00708,0.97054,0.93381,0.89952,0.87032,0.84809,0.83403,0.82840,0.83060,0.83898,0.85132,0.86513,0.88139,0.90079,0.92176,0.94164,0.95751,0.96648,0.96657,0.95663,0.93665,0.90784,0.87209,0.83192
0.68483,0.68551,0.68919,0.69605,0.70442,0.71162,0.71495,0.71206,0.70148,0.68282,0.65671,0.62473,0.58892,0.55121,0.51266,0.47308,0.43287,0.39363,0.35758,0.32672,0.30228,0.28460,0.27299,0.26574,0.26059,0.25516,0.24747,0.23718,0.22611,0.21215,0.19016,0.15881,0.11918,0.07417,0.02705,-0.01885,-0.06083,-0.09707,-0.12695,-0.15061,-0.16883,-0.18269,-0.19254,-0.19793,-0.19925,-0.19783,-0.19509,-0.19195,-0.18867,-0.18455,-0.17804,-0.16707,-0.14939,-0.12343,-0.08894,-0.04843,-0.00494,0.04591,0.10694,0.17767,0.25550,0.33676,0.41734,0.49365,0.56277,0.62282,0.67327,0.71451,0.74787,0.77501,0.79744,0.81723,0.83643,0.85695,0.87997,0.90564,0.93317,0.96075,0.98587,1.00576,1.01781,1.02055,1.01433,1.00223,0.98651,0.96682,0.94375,0.91852,0.89271,0.86817,0.84662,0.82962,0.81826,0.81311,0.81414,0.82056,0.83075,0.84289,0.85881,0.87973,0.90417,0.92915,0.95095,0.96618,0.97216,0.96726,0.95119,0.92509,0.89090,0.85156
0.69095,0.69183,0.69668,0.70614,0.71853,0.73102,0.74028,0.74351,0.73861,0.72470,0.70207,0.67209,0.63678,0.59838,0.55860,0.51790,0.47744,0.43928,0.40573,0.37874,0.35920,0.34710,0.34107,0.33897,0.33794,0.33510,0.32848,0.31795,0.30600,0.29116,0.26873,0.23743,0.19858,0.15489,0.10968,0.06594,0.02612,-0.00837,-0.03707,-0.06048,-0.07954,-0.09511,-0.10736,-0.11603,-0.12186,-0.12622,-0.13043,-0.13518,-0.14032,-0.14473,-0.14640,-0.14287,-0.13161,-0.11093,-0.08066,-0.04363,-0.00352,0.04351,0.09988,0.16474,0.23522,0.30762,0.37805,0.44330,0.50110,0.55028,0.59093,0.62409,0.65118,0.67356,0.69193,0.70751,0.72230,0.73842,0.75737,0.77990,0.80557,0.83276,0.85901,0.88149,0.89726,0.90451,0.90319,0.89624,0.88659,0.87488,0.86170,0.84799,0.83457,0.82247,0.81243,0.80528,0.80150,0.80146,0.80503,0.81204,0.82159,0.83320,0.84931,0.87150,0.89834,0.92670,0.95271,0.97284,0.98406,0.98475,0.97436,0.95394,0.92553,0.89197
0.68184,0.68297,0.68880,0.70045,0.71637,0.73352,0.74836,0.75757,0.75855,0.74998,0.73171,0.70481,0.67136,0.63364,0.59392,0.55351,0.51422,0.47847,0.44859,0.42630,0.41229,0.40588,0.40534,0.40788,0.41038,0.40975,0.40397,0.39304,0.38021,0.36449,0.34132,0.30953,0.27054,0.22704,0.18227,0.13922,0.10018,0.06643,0.03836,0.01539,-0.00357,-0.01949,-0.03251,-0.04241,-0.04995,-0.05656,-0.06352,-0.07155,-0.08037,-0.08884,-0.09497,-0.09609,-0.08968,-0.07390,-0.04863,-0.01655,0.01843,0.05938,0.10811,0.16366,0.22322,0.28362,0.34151,0.39432,0.44041,0.47930,0.51153,0.53823,0.56081,0.58020,0.59632,0.60969,0.62199,0.63526,0.65118,0.67058,0.69335,0.71828,0.74331,0.76570,0.78274,0.79254,0.79479,0.79210,0.78754,0.78260,0.77824,0.77505,0.77349,0.77373,0.77579,0.77946,0.78456,0.79088,0.79822,0.80650,0.81586,0.82702,0.84334,0.86641,0.89496,0.92587,0.95541,0.98000,0.99660,1.00346,1.00008,0.98734,0.96716,0.94218
0.65211,0.65466,0.66254,0.67729,0.69717,0.71907,0.73895,0.75326,0.75894,0.75438,0.73925,0.71456,0.68233,0.64520,0.60572,0.56585,0.52818,0.49551,0.47004,0.45324,0.44516,0.44467,0.44937,0.45613,0.46132,0.46181,0.45559,0.44320,0.42826,0.41043,0.38516,0.35160,0.31124,0.26701,0.22224,0.17997,0.14250,0.11095,0.08543,0.06521,0.04894,0.03537,0.02440,0.01657,0.01157,0.00799,0.00432,-0.00058,-0.00685,-0.01375,-0.01958,-0.02198,-0.01846,-0.00704,0.01270,0.03861,0.06697,0.09939,0.13691,0.17845,0.22205,0.26535,0.30620,0.34313,0.37546,0.40323,0.42733,0.44878,0.46862,0.48694,0.50296,0.51707,0.53073,0.54552,0.56277,0.58309,0.60626,0.63124,0.65608,0.67846,0.69614,0.70741,0.71206,0.71241,0.71148,0.71103,0.71241,0.71628,0.72284,0.73190,0.74292,0.75507,0.76756,0.77946,0.79039,0.80023,0.80973,0.82095,0.83780,0.86205,0.89246,0.92607,0.95928,0.98847,1.01071,1.02428,1.02859,1.02442,1.01355,0.99846
0.61581,0.62203,0.63394,0.65284,0.67694,0.70266,0.72578,0.74233,0.74939,0.74537,0.73019,0.70516,0.67268,0.63555,0.59632,0.55723,0.52157,0.49248,0.47195,0.46074,0.45838,0.46289,0.47137,0.48028,0.48577,0.48484,0.47572,0.45951,0.44031,0.41802,0.38829,0.35053,0.30679,0.26035,0.21485,0.17350,0.13848,0.11076,0.08999,0.07490,0.06374,0.05492,0.04831,0.04586,0.04801,0.05340,0.05996,0.06569,0.06932,0.07054,0.07020,0.07010,0.07255,0.07970,0.09273,0.11051,0.12986,0.15034,0.17174,0.19359,0.21524,0.23615,0.25609,0.27509,0.29351,0.31198,0.33113,0.35141,0.37276,0.39412,0.41459,0.43522,0.45716,0.48111,0.50722,0.53519,0.56394,0.59216,0.61812,0.64006,0.65657,0.66695,0.67156,0.67249,0.67200,0.67151,0.67253,0.67621,0.68321,0.69374,0.70741,0.72318,0.73989,0.75605,0.77065,0.78323,0.79465,0.80768,0.82663,0.85313,0.88605,0.92254,0.95923,0.99268,1.02026,1.04029,1.05244,1.05749,1.05704,1.05337
0.58833,0.59994,0.61704,0.64045,0.66793,0.69551,0.71868,0.73362,0.73773,0.72994,0.71094,0.68267,0.64824,0.61052,0.57158,0.53328,0.49968,0.47386,0.45755,0.45074,0.45216,0.45932,0.46877,0.47670,0.47950,0.47435,0.46000,0.43801,0.41283,0.38442,0.34871,0.30571,0.25800,0.20951,0.16420,0.12531,0.09484,0.07334,0.05977,0.05213,0.04796,0.04547,0.04483,0.04958,0.06119,0.07828,0.09793,0.11703,0.13285,0.14397,0.15014,0.15264,0.15357,0.15553,0.16057,0.16880,0.17767,0.18443,0.18810,0.18908,0.18854,0.18815,0.18972,0.19466,0.20427,0.21901,0.23885,0.26299,0.29008,0.31810,0.34671,0.37810,0.41313,0.45114,0.49062,0.52965,0.56615,0.59823,0.62453,0.64422,0.65715,0.66406,0.66627,0.66558,0.66274,0.65804,0.65299,0.64956,0.64961,0.65431,0.66411,0.67836,0.69575,0.71441,0.73249,0.74880,0.76384,0.78049,0.80288,0.83227,0.86748,0.90593,0.94448,0.98024,1.01105,1.03569,1.05420,1.06758,1.07742,1.08575
0.57555,0.59289,0.61503,0.64221,0.67151,0.69859,0.71897,0.72911,0.72695,0.71236,0.68694,0.65368,0.61616,0.57751,0.53891,0.50139,0.46941,0.44594,0.43223,0.42767,0.43032,0.43722,0.44477,0.44913,0.44692,0.43590,0.41528,0.38692,0.35542,0.32079,0.27940,0.23199,0.18188,0.13334,0.09063,0.05693,0.03376,0.02093,0.01657,0.01794,0.02186,0.02631,0.03214,0.04424,0.06476,0.09200,0.12237,0.15161,0.17595,0.19305,0.20206,0.20397,0.20103,0.19638,0.19280,0.19148,0.19011,0.18438,0.17306,0.15763,0.14108,0.12697,0.11850,0.11811,0.12707,0.14529,0.17140,0.20329,0.23826,0.27411,0.31168,0.35435,0.40240,0.45383,0.50541,0.55366,0.59544,0.62874,0.65265,0.66749,0.67474,0.67655,0.67513,0.67195,0.66548,0.65471,0.64099,0.62728,0.61670,0.61189,0.61429,0.62404,0.63991,0.65975,0.68091,0.70134,0.72083,0.74199,0.76829,0.80043,0.83692,0.87542,0.91333,0.94840,0.97926,1.00542,1.02756,1.04695,1.06552,1.08477
0.57144,0.59333,0.61924,0.64873,0.67841,0.70364,0.72005,0.72446,0.71549,0.69384,0.66205,0.62385,0.58349,0.54401,0.50580,0.46901,0.43811,0.41592,0.40323,0.39902,0.40098,0.40592,0.41014,0.41009,0.40274,0.38614,0.36008,0.32652,0.29003,0.25060,0.20549,0.15607,0.10620,0.06055,0.02328,-0.00278,-0.01669,-0.01944,-0.01371,-0.00313,0.00868,0.01975,0.03165,0.04982,0.07642,0.10939,0.14451,0.17693,0.20250,0.21862,0.22445,0.22116,0.21161,0.19937,0.18776,0.17845,0.16895,0.15430,0.13373,0.10978,0.08671,0.06907,0.06070,0.06408,0.07975,0.10659,0.14191,0.18222,0.22420,0.26613,0.31036,0.36081,0.41709,0.47612,0.53338,0.58437,0.62571,0.65539,0.67337,0.68111,0.68160,0.67812,0.67347,0.66832,0.65916,0.64354,0.62292,0.60087,0.58172,0.56918,0.56561,0.57178,0.58657,0.60758,0.63168,0.65603,0.67974,0.70521,0.73499,0.76888,0.80537,0.84216,0.87728,0.90917,0.93728,0.96217,0.98504,1.00782,1.03246,1.06018
0.56296,0.58721,0.61493,0.64540,0.67479,0.69850,0.71211,0.71280,0.69962,0.67371,0.63815,0.59720,0.55537,0.51564,0.47798,0.44188,0.41166,0.39010,0.37771,0.37325,0.37433,0.37756,0.37947,0.37649,0.36596,0.34612,0.31697,0.28058,0.24130,0.19956,0.15337,0.10473,0.05781,0.01735,-0.01273,-0.03007,-0.03433,-0.02732,-0.01233,0.00638,0.02489,0.04150,0.05830,0.08068,0.10993,0.14353,0.17698,0.20554,0.22523,0.23390,0.23130,0.21940,0.20152,0.18188,0.16405,0.14926,0.13461,0.11556,0.09205,0.06731,0.04615,0.03322,0.03204,0.04439,0.06986,0.10615,0.14955,0.19569,0.24130,0.28548,0.33191,0.38423,0.44139,0.49953,0.55380,0.59960,0.63379,0.65505,0.66421,0.66386,0.65794,0.65044,0.64417,0.63869,0.62909,0.61238,0.59005,0.56605,0.54513,0.53147,0.52779,0.53494,0.55179,0.57565,0.60308,0.63085,0.65784,0.68649,0.71863,0.75345,0.78901,0.82335,0.85480,0.88267,0.90706,0.92920,0.95110,0.97505,1.00312,1.03637
0.54239,0.56708,0.59514,0.62576,0.65515,0.67856,0.69178,0.69188,0.67807,0.65157,0.61562,0.57457,0.53289,0.49365,0.45662,0.42116,0.39162,0.37066,0.35876,0.35469,0.35587,0.35910,0.36071,0.35738,0.34636,0.32594,0.29620,0.25917,0.21925,0.17723,0.13202,0.08607,0.04365,0.00932,-0.01322,-0.02223,-0.01787,-0.00244,0.02024,0.04551,0.06947,0.09053,0.11130,0.13633,0.16581,0.19682,0.22484,0.24541,0.25535,0.25330,0.24007,0.21827,0.19217,0.16616,0.14387,0.12594,0.10865,0.08837,0.06594,0.04493,0.02989,0.02504,0.03312,0.05497,0.08916,0.13251,0.18056,0.22890,0.27436,0.31722,0.36194,0.41107,0.46294,0.51354,0.55821,0.59299,0.61547,0.62536,0.62439,0.61606,0.60484,0.59490,0.58858,0.58432,0.57648,0.56242,0.54371,0.52431,0.50884,0.50120,0.50379,0.51716,0.53974,0.56855,0.59994,0.63070,0.66000,0.69061,0.72416,0.75923,0.79372,0.82580,0.85421,0.87855,0.89962,0.91921,0.93968,0.96378,0.99371,1.03025
0.51197,0.53573,0.56286,0.59255,0.62115,0.64413,0.65725,0.65774,0.64471,0.61939,0.58481,0.54523,0.50497,0.46696,0.43110,0.39681,0.36836,0.34847,0.33750,0.33412,0.33588,0.33946,0.34127,0.33794,0.32682,0.30634,0.27647,0.23934,0.19927,0.15768,0.11443,0.07245,0.03611,0.00961,-0.00391,-0.00317,0.01088,0.03533,0.06579,0.09748,0.12643,0.15136,0.17546,0.20216,0.23062,0.25722,0.27764,0.28817,0.28646,0.27220,0.24727,0.21519,0.18090,0.14911,0.12325,0.10317,0.08431,0.06408,0.04404,0.02798,0.02009,0.02386,0.04115,0.07182,0.11360,0.16248,0.21367,0.26260,0.30664,0.34710,0.38883,0.43340,0.47866,0.52049,0.55483,0.57844,0.58985,0.58961,0.58025,0.56590,0.55135,0.54063,0.53553,0.53362,0.52892,0.51912,0.50600,0.49316,0.48488,0.48449,0.49399,0.51339,0.54092,0.57339,0.60719,0.63942,0.66950,0.70075,0.73440,0.76859,0.80126,0.83055,0.85553,0.87635,0.89418,0.91118,0.93023,0.95418,0.98524,1.02408
0.45907,0.47783,0.49977,0.52427,0.54832,0.56801,0.57966,0.58079,0.57041,0.54930,0.51996,0.48577,0.45035,0.41631,0.38364,0.35249,0.32701,0.30972,0.30076,0.29865,0.30081,0.30394,0.30473,0.29998,0.28734,0.26559,0.23493,0.19751,0.15734,0.11678,0.07725,0.04228,0.01598,0.00207,0.00251,0.01750,0.04488,0.08088,0.12041,0.15842,0.19114,0.21808,0.24335,0.26912,0.29297,0.31114,0.31986,0.31643,0.29988,0.27127,0.23365,0.19158,0.15024,0.11448,0.08710,0.06692,0.04865,0.03057,0.01490,0.00525,0.00515,0.01715,0.04228,0.07936,0.12570,0.17688,0.22822,0.27539,0.31643,0.35337,0.39118,0.43051,0.46921,0.50379,0.53098,0.54846,0.55552,0.55317,0.54410,0.53220,0.52172,0.51618,0.51687,0.52098,0.52324,0.52167,0.51751,0.51344,0.51266,0.51770,0.53000,0.54949,0.57482,0.60347,0.63271,0.66044,0.68659,0.71407,0.74366,0.77349,0.80155,0.82639,0.84725,0.86464,0.87983,0.89511,0.91328,0.93694,0.96824,1.00747
0.39412,0.40343,0.41538,0.42993,0.44516,0.45843,0.46710,0.46911,0.46338,0.44996,0.43007,0.40563,0.37894,0.35175,0.32457,0.29870,0.27833,0.26535,0.25962,0.25932,0.26167,0.26353,0.26182,0.25398,0.23821,0.21391,0.18173,0.14372,0.10351,0.06432,0.02920,0.00236,-0.01248,-0.01263,0.00270,0.03219,0.07250,0.11889,0.16567,0.20769,0.24164,0.26784,0.29160,0.31379,0.33079,0.33887,0.33524,0.31859,0.28935,0.24987,0.20402,0.15675,0.11316,0.07755,0.05188,0.03415,0.01867,0.00471,-0.00543,-0.00876,-0.00264,0.01461,0.04302,0.08117,0.12614,0.17409,0.22087,0.26299,0.29914,0.33162,0.36458,0.39819,0.43076,0.45990,0.48371,0.50085,0.51119,0.51579,0.51667,0.51662,0.51863,0.52500,0.53641,0.55072,0.56424,0.57521,0.58378,0.59098,0.59823,0.60685,0.61767,0.63100,0.64638,0.66308,0.68013,0.69703,0.71412,0.73317,0.75458,0.77706,0.79910,0.81963,0.83819,0.85499,0.87106,0.88806,0.90799,0.93283,0.96398,1.00160
0.34156,0.33902,0.33848,0.34058,0.34475,0.34999,0.35484,0.35782,0.35782,0.35391,0.34573,0.33333,0.31732,0.29856,0.27808,0.25864,0.24438,0.23669,0.23478,0.23654,0.23894,0.23904,0.23414,0.22234,0.20260,0.17507,0.14088,0.10219,0.06202,0.02382,-0.00793,-0.02889,-0.03570,-0.02664,-0.00200,0.03586,0.08289,0.13368,0.18247,0.22420,0.25614,0.27931,0.29954,0.31697,0.32760,0.32824,0.31717,0.29425,0.26084,0.21979,0.17507,0.13109,0.09224,0.06178,0.04076,0.02710,0.01564,0.00628,0.00099,0.00192,0.01064,0.02808,0.05384,0.08661,0.12408,0.16332,0.20142,0.23601,0.26633,0.29420,0.32236,0.35038,0.37737,0.40245,0.42508,0.44516,0.46304,0.47950,0.49551,0.51236,0.53122,0.55287,0.57746,0.60401,0.63085,0.65657,0.67988,0.69972,0.71544,0.72686,0.73420,0.73822,0.73998,0.74077,0.74199,0.74498,0.75051,0.75889,0.77045,0.78510,0.80229,0.82129,0.84157,0.86278,0.88497,0.90848,0.93400,0.96226,0.99376,1.02849
0.32285,0.30928,0.29714,0.28758,0.28151,0.27926,0.28053,0.28450,0.28979,0.29469,0.29738,0.29625,0.29018,0.27926,0.26500,0.25158,0.24301,0.24022,0.24193,0.24561,0.24810,0.24659,0.23875,0.22327,0.19981,0.16929,0.13329,0.09401,0.05379,0.01598,-0.01483,-0.03433,-0.03967,-0.02962,-0.00494,0.03175,0.07628,0.12344,0.16782,0.20480,0.23209,0.25090,0.26682,0.27994,0.28680,0.28523,0.27426,0.25433,0.22704,0.19481,0.16072,0.12795,0.09959,0.07765,0.06271,0.05306,0.04532,0.03949,0.03709,0.03920,0.04679,0.06011,0.07887,0.10224,0.12883,0.15700,0.18511,0.21196,0.23703,0.26133,0.28567,0.30904,0.33113,0.35244,0.37379,0.39618,0.42052,0.44727,0.47670,0.50859,0.54249,0.57790,0.61439,0.65191,0.69090,0.73024,0.76746,0.79950,0.82384,0.83878,0.84402,0.84054,0.83080,0.81791,0.80537,0.79621,0.79166,0.79063,0.79386,0.80293,0.81826,0.83947,0.86557,0.89545,0.92778,0.96128,0.99503,1.02824,1.06062,1.09212
0.34710,0.32623,0.30630,0.28900,0.27612,0.26887,0.26784,0.27250,0.28146,0.29234,0.30243,0.30889,0.30963,0.30404,0.29415,0.28489,0.28029,0.28092,0.28518,0.29028,0.29302,0.29057,0.28092,0.26309,0.23728,0.20485,0.16768,0.12810,0.08783,0.04958,0.01735,-0.00518,-0.01532,-0.01199,0.00432,0.03151,0.06589,0.10312,0.13848,0.16797,0.18933,0.20368,0.21563,0.22577,0.23179,0.23248,0.22743,0.21695,0.20211,0.18433,0.16523,0.14671,0.13020,0.11683,0.10694,0.09984,0.09401,0.08984,0.08803,0.08921,0.09381,0.10194,0.11350,0.12820,0.14549,0.16474,0.18541,0.20686,0.22885,0.25144,0.27377,0.29385,0.31163,0.32839,0.34607,0.36654,0.39138,0.42121,0.45603,0.49502,0.53681,0.58001,0.62365,0.66813,0.71515,0.76408,0.81179,0.85401,0.88678,0.90731,0.91460,0.90976,0.89570,0.87669,0.85759,0.84226,0.83241,0.82629,0.82531,0.83261,0.84931,0.87527,0.90902,0.94855,0.99126,1.03451,1.07595,1.11367,1.14673,1.17519
0.41092,0.38731,0.36463,0.34455,0.32922,0.32026,0.31844,0.32354,0.33392,0.34720,0.36018,0.36968,0.37311,0.36978,0.36179,0.35435,0.35151,0.35371,0.35924,0.36517,0.36831,0.36576,0.35567,0.33725,0.31080,0.27779,0.24037,0.20069,0.16048,0.12129,0.08617,0.05810,0.03969,0.03234,0.03621,0.05002,0.07113,0.09611,0.12104,0.14245,0.15812,0.16856,0.17728,0.18541,0.19207,0.19658,0.19858,0.19814,0.19535,0.19050,0.18413,0.17674,0.16880,0.16092,0.15342,0.14661,0.14069,0.13623,0.13373,0.13358,0.13608,0.14137,0.14945,0.16033,0.17380,0.18967,0.20774,0.22763,0.24904,0.27166,0.29361,0.31159,0.32520,0.33598,0.34636,0.35910,0.37649,0.39990,0.42983,0.46568,0.50619,0.54959,0.59460,0.64099,0.69081,0.74424,0.79817,0.84789,0.88874,0.91720,0.93175,0.93297,0.92362,0.90804,0.89114,0.87728,0.86827,0.86244,0.86214,0.87126,0.89148,0.92249,0.96261,1.00914,1.05871,1.10794,1.15364,1.19341,1.22589,1.25145
0.50502,0.48146,0.45873,0.43874,0.42356,0.41479,0.41327,0.41861,0.42939,0.44300,0.45643,0.46632,0.47019,0.46730,0.45971,0.45275,0.45035,0.45305,0.45902,0.46544,0.46896,0.46686,0.45716,0.43904,0.41288,0.38011,0.34284,0.30331,0.26304,0.22288,0.18448,0.15029,0.12281,0.10400,0.09464,0.09450,0.10194,0.11443,0.12883,0.14206,0.15200,0.15832,0.16356,0.16949,0.17625,0.18369,0.19133,0.19873,0.20515,0.21000,0.21269,0.21289,0.21039,0.20544,0.19863,0.19099,0.18394,0.17840,0.17488,0.17375,0.17532,0.17977,0.18722,0.19755,0.21068,0.22636,0.24438,0.26442,0.28611,0.30899,0.33054,0.34631,0.35508,0.35831,0.35876,0.35993,0.36488,0.37614,0.39500,0.42175,0.45554,0.49478,0.53764,0.58290,0.63247,0.68747,0.74513,0.80082,0.84961,0.88747,0.91230,0.92396,0.92455,0.91789,0.90853,0.90060,0.89619,0.89408,0.89736,0.91039,0.93498,0.97079,1.01585,1.06704,1.12072,1.17299,1.22030,1.26012,1.29103,1.31366
0.60969,0.58887,0.56933,0.55287,0.54136,0.53607,0.53734,0.54464,0.55630,0.56987,0.58241,0.59103,0.59353,0.58946,0.58089,0.57300,0.56977,0.57183,0.57751,0.58393,0.58794,0.58672,0.57815,0.56130,0.53636,0.50457,0.46799,0.42870,0.38844,0.34724,0.30527,0.26442,0.22709,0.19574,0.17194,0.15641,0.14872,0.14730,0.14980,0.15367,0.15665,0.15783,0.15866,0.16165,0.16841,0.17924,0.19364,0.21039,0.22792,0.24443,0.25815,0.26765,0.27191,0.27083,0.26515,0.25687,0.24879,0.24169,0.23586,0.23174,0.22988,0.23067,0.23449,0.24154,0.25202,0.26579,0.28259,0.30198,0.32349,0.34641,0.36742,0.38085,0.38467,0.37992,0.36963,0.35773,0.34827,0.34475,0.34964,0.36429,0.38854,0.42111,0.45985,0.50222,0.54993,0.60514,0.66582,0.72749,0.78500,0.83388,0.87111,0.89575,0.90892,0.91362,0.91382,0.91333,0.91451,0.91700,0.92469,0.94233,0.97191,1.01316,1.06390,1.12077,1.17965,1.23632,1.28677,1.32811,1.35892,1.37989
0.70751,0.69414,0.68302,0.67587,0.67371,0.67680,0.68454,0.69565,0.70824,0.72005,0.72886,0.73273,0.73048,0.72230,0.71035,0.69918,0.69291,0.69242,0.69644,0.70227,0.70692,0.70741,0.70139,0.68747,0.66543,0.63599,0.60087,0.56213,0.52191,0.47974,0.43473,0.38805,0.34210,0.29968,0.26309,0.23390,0.21254,0.19844,0.18986,0.18462,0.18056,0.17625,0.17213,0.17179,0.17816,0.19212,0.21303,0.23914,0.26784,0.29611,0.32104,0.34004,0.35131,0.35425,0.34994,0.34132,0.33221,0.32275,0.31271,0.30262,0.29346,0.28636,0.28244,0.28264,0.28754,0.29733,0.31183,0.33044,0.35209,0.37560,0.39691,0.40955,0.41058,0.40054,0.38197,0.35900,0.33608,0.31761,0.30732,0.30762,0.31967,0.34274,0.37458,0.41141,0.45461,0.50761,0.56923,0.63546,0.70109,0.76114,0.81174,0.85083,0.87846,0.89629,0.90740,0.91539,0.92264,0.93013,0.94233,0.96417,0.99797,1.04357,1.09907,1.16103,1.22510,1.28677,1.34163,1.38645,1.41946,1.44131
0.79959,0.79734,0.79852,0.80454,0.81517,0.82918,0.84461,0.85925,0.87101,0.87826,0.87983,0.87532,0.86513,0.85039,0.83305,0.81674,0.80562,0.80111,0.80239,0.80719,0.81253,0.81537,0.81297,0.80337,0.78549,0.75948,0.72642,0.68845,0.64829,0.60572,0.55929,0.50996,0.46005,0.41244,0.36963,0.33358,0.30507,0.28386,0.26858,0.25722,0.24761,0.23821,0.22925,0.22498,0.22910,0.24286,0.26559,0.29523,0.32863,0.36223,0.39231,0.41577,0.43037,0.43522,0.43144,0.42243,0.41244,0.40034,0.38525,0.36782,0.34964,0.33289,0.31957,0.31144,0.30982,0.31516,0.32721,0.34504,0.36708,0.39133,0.41362,0.42738,0.42929,0.41895,0.39809,0.37022,0.33960,0.31105,0.28886,0.27666,0.27671,0.28930,0.31242,0.34156,0.37786,0.42571,0.48493,0.55199,0.62194,0.68953,0.75032,0.80136,0.84138,0.87101,0.89237,0.90829,0.92151,0.93390,0.94992,0.97441,1.00983,1.05646,1.11288,1.17612,1.24210,1.30631,1.36431,1.41241,1.44851,1.47305
0.89766,0.90731,0.92127,0.94047,0.96329,0.98695,1.00806,1.02379,1.03201,1.03187,1.02359,1.00860,0.98891,0.96672,0.94350,0.92161,0.90520,0.89629,0.89452,0.89805,0.90407,0.90936,0.91078,0.90569,0.89232,0.86988,0.83903,0.80185,0.76178,0.71951,0.67396,0.62615,0.57839,0.53328,0.49306,0.45932,0.43242,0.41185,0.39598,0.38276,0.37017,0.35689,0.34382,0.33519,0.33451,0.34303,0.36022,0.38418,0.41200,0.44036,0.46593,0.48567,0.49747,0.50056,0.49581,0.48635,0.47568,0.46132,0.44183,0.41802,0.39216,0.36723,0.34607,0.33118,0.32427,0.32603,0.33603,0.35293,0.37467,0.39877,0.42140,0.43727,0.44291,0.43703,0.42028,0.39490,0.36444,0.33314,0.30551,0.28577,0.27695,0.28038,0.29474,0.31555,0.34372,0.38427,0.43757,0.50085,0.56948,0.63839,0.70305,0.75992,0.80714,0.84441,0.87297,0.89506,0.91328,0.92994,0.94879,0.97387,1.00772,1.05117,1.10363,1.16294,1.22584,1.28819,1.34584,1.39507,1.43352,1.46105
1.01561,1.03466,1.05837,1.08697,1.11778,1.14663,1.16946,1.18288,1.18518,1.17632,1.15790,1.13287,1.10466,1.07615,1.04818,1.02168,1.00106,0.98862,0.98436,0.98685,0.99337,1.00062,1.00503,1.00356,0.99371,0.97412,0.94502,0.90848,0.86846,0.82698,0.78387,0.74067,0.69952,0.66259,0.63144,0.60675,0.58814,0.57418,0.56267,0.55130,0.53818,0.52265,0.50668,0.49385,0.48675,0.48626,0.49204,0.50281,0.51658,0.53103,0.54386,0.55297,0.55689,0.55508,0.54807,0.53813,0.52706,0.51138,0.48934,0.46196,0.43184,0.40250,0.37717,0.35876,0.34901,0.34852,0.35665,0.37178,0.39157,0.41342,0.43458,0.45128,0.46064,0.46069,0.45099,0.43252,0.40749,0.37938,0.35214,0.33000,0.31643,0.31345,0.32060,0.33402,0.35459,0.38726,0.43277,0.48870,0.55121,0.61557,0.67748,0.73362,0.78181,0.82149,0.85333,0.87909,0.90089,0.92087,0.94145,0.96564,0.99582,1.03344,1.07860,1.13027,1.18611,1.24283,1.29681,1.34452,1.38346,1.41314
1.16167,1.18557,1.21379,1.24602,1.27884,1.30764,1.32792,1.33649,1.33208,1.31533,1.28888,1.25665,1.22285,1.19057,1.16005,1.13120,1.10833,1.09398,1.08844,1.09040,1.09716,1.10539,1.11141,1.11181,1.10377,1.08570,1.05753,1.02129,0.98137,0.94066,0.90025,0.86200,0.82800,0.80008,0.77902,0.76462,0.75561,0.74963,0.74400,0.73597,0.72372,0.70746,0.68997,0.67410,0.66102,0.65118,0.64447,0.64026,0.63781,0.63599,0.63384,0.63036,0.62492,0.61733,0.60778,0.59735,0.58618,0.57026,0.54788,0.52005,0.48959,0.45985,0.43424,0.41538,0.40485,0.40294,0.40886,0.42072,0.43620,0.45314,0.46990,0.48435,0.49404,0.49703,0.49199,0.47901,0.45932,0.43541,0.41063,0.38878,0.37340,0.36679,0.36909,0.37717,0.39201,0.41802,0.45603,0.50394,0.55836,0.61513,0.67053,0.72152,0.76634,0.80439,0.83623,0.86327,0.88722,0.90936,0.93096,0.95399,0.98058,1.01247,1.05048,1.09432,1.14247,1.19258,1.24151,1.28613,1.32400,1.35422
